{"_comment":"ELP/MPP02(LLR), truncated with T_MAX=10.0, MAX_ERROR_PER_CHAR[size]=5e-08","W":[3.810343920321909,8399.684730207433,-3.3191992975274604e-05,3.201709550047375e-08,-1.5363745554361197e-10],"groups":[{"coord":0,"alpha":0,"coeffs":[-411.6,3.2558,16866.932315,-1.28e-4,0,0,0.42,6.5,33733.865,0,0,0,39.53,-0.9,-8538.2409,2.8e-4,0,0,22639.6,2.355555,8328.6914247,1.5231e-4,2.5e-7,-1.2e-9,-45.1,5.6114,25195.62374,2e-5,0,0,-1.37,1.46,-209.55,4e-4,0,0,769,4.7111,16657.38285,3.046e-4,5e-7,0,-4,7.967,33524.315,2e-4,0,0,36.12,7.0667,24986.0743,4.57e-4,0,0,-0.33,10.3,41853,0,0,0,1.93,9.42,33314.766,6e-4,0,0,-0.67,-7.1,-24357.772,0,0,0,-9.68,-4.754,-16029.081,-3e-4,0,0,0.3,-5.65,-24567.32,0,0,0,-147.32,-2.3987,-7700.38947,-1.55e-4,0,0,-666.42,-0.04313,628.301955,-3e-6,0,0,0.4,3.2,17495.234,0,0,0,-109.38,2.3124,8956.99338,1.5e-4,0,0,0.26,5.6,25823.926,0,0,0,-7.63,4.668,17285.6848,3e-4,0,0,-0.55,7,25614.376,0,0,0,-2.57,-2.44,-7072.0875,0,0,0,-7.45,-0.086,1256.604,0,0,0,-1.16,2.27,9585.295,0,0,0,-0.56,5.24,7143.075,0,0,0,-1.75,0.49,-8886.006,-3e-4,0,0,-18.58,2.843,-557.3143,-2e-4,0,0,-0.58,1.94,-9095.555,0,0,0,-125,5.1985,7771.37715,-3.3e-5,0,0,-8.45,7.554,16100.0686,1e-4,0,0,-0.58,9.9,24428.76,0,0,0,0.35,0.44,-8257.7,0,0,0,1.08,2.8,70.988,0,0,0,17.95,5.155,8399.6791,-4e-5,0,0,1.26,7.51,16728.37,0,0,0,0.25,8.2,5329.16,0,0,0,0.34,10.5,13657.85,0,0,0,0.3,5.8,-2371.23,0,0,0,7.37,8.128,5957.459,-2e-4,0,0,8.05,10.483,14286.1504,-6e-5,0,0,0.75,12.84,22614.842,0,0,0,0.48,3.37,-10071.62,0,0,0,8.6,5.73,-1742.9305,-3.7e-4,0,0,205.44,8.0845,6585.76091,-2.16e-4,0,0,-0.43,11.34,23452.693,0,0,0,2.15,7.18,-1952.48,0,0,0,164.73,10.44,14914.45233,-6.4e-5,0,0,-0.38,13.7,31781.385,0,0,0,-0.37,9.54,6376.21,0,0,0,14.53,12.796,23243.1438,9e-5,0,0,1.18,15.15,31571.835,0,0,0,0.95,1,-17772.01,-7e-4,0,0,13.2,3.33,-9443.32,-5.2e-4,0,0,-0.56,2.43,-17981.56,0,0,0,211.66,5.6858,-1114.62856,-3.71e-4,-4e-7,0,-0.54,9,15752.3,0,0,0,4586.44,8.04138,7214.0628655,-2.185e-4,-1.86e-7,0,-9.37,11.297,24080.9952,-3.5e-4,0,0,55.18,7.141,-1324.178,6e-5,0,0,2369.9,10.39693,15542.75429,-6.62e-5,6e-8,0,-5.74,13.653,32409.6866,-2e-4,0,0,-6.38,9.5,7004.5134,2e-4,0,0,191.96,12.7525,23871.44571,8.6e-5,3e-7,0,-1,16,40738.378,0,0,0,-0.45,11.85,15333.205,0,0,0,14.38,15.108,32200.1371,2.4e-4,0,0,1.06,17.46,40528.829,4e-4,0,0,2.5,5.64,-486.327,-4e-4,0,0,-28.4,7.998,7842.3648,-2.2e-4,0,0,-1.44,7.1,-695.876,0,0,0,-24.36,10.354,16171.0562,-7e-5,0,0,-2.9,12.71,24499.748,0,0,0,-0.3,15,32828.44,0,0,0,-0.25,5.6,141.975,0,0,0,-2.52,7.955,8470.667,-2e-4,0,0,-1.22,10.88,6656.749,-4e-4,0,0,-3.2,13.24,14985.44,-3e-4,0,0,-0.25,12.3,6447.2,0,0,0,0.4,15.6,23314.13,0,0,0,0.27,13.2,15613.74,0,0,0,0.3,18.5,21500.21,0,0,0,2.73,16.126,13799.824,-4e-4,0,0,4.37,18.48,22128.515,-3e-4,0,0,1.87,20.84,30457.207,0,0,0,0.28,23.2,38785.9,0,0,0,1.2,13.73,6099.434,-6e-4,0,0,30.77,16.083,14428.1257,-4.4e-4,0,0,0.3,15.2,5889.885,0,0,0,38.43,18.4383,22756.81716,-2.85e-4,0,0,13.9,20.794,31085.5086,-1.3e-4,0,0,2,23.15,39414.2,0,0,0,-0.36,16,15056.43,0,0,0,-0.64,18.4,23385.12,0,0,0,-0.3,20.75,31713.81,0,0,0,0.3,24.1,21642.19,0,0,0,0.57,26.48,29970.88,0,0,0,0.4,28.84,38299.57,0,0,0,14.25,-24.081,-2.3012,1.5e-4,0,0,7.06,0.96,33.757,0,0,0,1.14,13.5,8364.74,0,0,0,0.88,-35.83,-0.352,0,0,0,0.8,-21.73,8326.39,0,0,0,0.74,29.58,8330.993,0,0,0,0.82,4.56,393.02,0,0,0,0.56,-20.6,0.33,0,0,0,0.64,1.18,575.34,0,0,0,0.64,15.45,8393.126,0,0,0,0.45,9.9,8311.77,0,0,0,0.5,-1.4,-8294.934,0,0,0,0.5,3.3,8362.45,0,0,0,0.32,-5.1,-39.815,0,0,0,0.36,5.44,16833.175,0,0,0,0.34,5.8,157.734,0,0,0,0.28,7.6,-16.92,0,0,0,0.23,6.7,2.63,0,0,0,0.3,7,-33.78,0,0,0,0.3,2.85,786.04,0,0,0,0.25,8,36.05,0,0,0]},{"coord":0,"alpha":1,"coeffs":[1.677,-0.043,628.302,0,0,0,0.516,11.226,6585.761,-2e-4,0,0,0.414,13.58,14914.4523,0,0,0,0.37,5.54,7700.39,2e-4,0,0,0.246,-25.62,-2.301,0,0,0,0.276,2.31,8956.993,0,0,0,0.07,8,7842.365,0,0,0,0.06,10.35,16171.056,0,0,0,0.045,8.3,8399.68,0,0,0,0.04,13.6,14286.15,0,0,0,0.037,0,1256.6,0,0,0,0.037,11.27,5957.46,0,0,0,0.036,16,23243.144,0,0,0]},{"coord":0,"alpha":2,"coeffs":[5e-3,0,628.3,0,0,0]},{"coord":1,"alpha":0,"coeffs":[18461.24,1.627905,8433.4661576,-6.402e-5,-5e-9,0,-6.3,4.884,25300.3985,-2e-4,0,0,2.8,-2.53,-16971.707,3e-4,0,0,999.7,0.72765,-104.774733,2.163e-4,2.6e-7,0,1010.17,3.98346,16762.157582,8.83e-5,2.5e-7,0,-1,7.24,33629.09,0,0,0,31.76,3.083,8223.9167,3.7e-4,0,0,61.9,6.339,25090.849,2.4e-4,0,0,1.58,5.44,16552.608,5e-4,0,0,4,8.7,33419.54,4e-4,0,0,0.26,11,41748.23,0,0,0,-0.8,-6.38,-24462.547,0,0,0,-0.3,-3.1,-7595.615,0,0,0,-6.73,-4.027,-16133.8556,-9e-5,0,0,-5.63,-0.77,733.0767,-2e-4,0,0,-4.84,-1.67,-7805.164,0,0,0,-6.46,1.585,9061.768,0,0,0,-5.08,0.685,523.527,2e-4,0,0,-5.3,3.94,17390.4595,9e-5,0,0,-0.3,3,8852.22,0,0,0,-0.64,6.3,25719.15,0,0,0,-0.43,1.2,-8990.78,0,0,0,-4.8,3.57,-662.089,0,0,0,-5.37,6.826,16204.8433,-1e-4,0,0,-0.6,5.93,7666.6,0,0,0,-0.67,9.18,24533.535,0,0,0,0.8,3.53,-33.787,0,0,0,0.8,6.78,16833.145,0,0,0,0.27,6.5,-2476,0,0,0,0.3,9.76,14390.925,0,0,0,1.1,8.86,5852.684,0,0,0,0.38,12.1,22719.617,0,0,0,0.65,4.1,-10176.4,0,0,0,7.43,6.457,-1847.7052,-1.5e-4,0,0,8.87,9.712,15019.227,-3e-4,0,0,29.58,8.812,6480.9862,0,0,0,7.96,12.068,23347.9185,-1e-4,0,0,1.77,11.17,14809.678,0,0,0,1.13,14.42,31676.61,0,0,0,1.52,1.7,-17876.786,-5e-4,0,0,0.25,5,-1009.85,0,0,0,15.57,4.058,-9548.0947,-3e-4,0,0,-1.62,7.31,7318.838,-4e-4,0,0,0.33,3.16,-18086.336,0,0,0,166.57,6.4135,-1219.4033,-1.54e-4,0,0,199.48,9.6693,15647.52902,-2.83e-4,0,0,2.2,5.51,-9757.644,0,0,0,623.65,8.769,7109.288133,-2e-6,7e-8,0,117.26,12.0248,23976.22045,-1.3e-4,0,0,-0.3,7.9,-1428.95,0,0,0,33.36,11.1246,15437.97956,1.5e-4,0,0,15.12,14.38,32304.9119,0,0,0,2.15,13.48,23766.671,3e-4,0,0,1.52,16.74,40633.603,0,0,0,-0.8,6.37,-591.1,0,0,0,-1.32,9.63,16275.831,0,0,0,-12.1,8.726,7737.59,0,0,0,-1.26,12,24604.522,0,0,0,-0.82,11.08,16066.28,0,0,0,-0.3,11.6,6551.974,0,0,0,-0.35,14,14880.665,0,0,0,0.6,16.85,13695.05,0,0,0,0.34,20.1,30561.98,0,0,0,0.4,19.2,22023.74,0,0,0,0.63,14.45,5994.66,0,0,0,2.4,17.71,22861.592,-5e-4,0,0,6.58,16.81,14323.351,-2e-4,0,0,3,20.066,31190.283,-3e-4,0,0,3.67,19.166,22652.0424,0,0,0,1.2,22.42,39518.975,0,0,0,0.47,21.5,30980.734,0,0,0,8.05,6.952,8399.709,0,0,0,1.5,11.78,8399.685,0,0,0,0.63,28.85,8435.767,0,0,0,0.63,-22.45,8431.165,0,0,0,0.46,1.7,-71.02,0,0,0,0.42,9.3,16728.4,0,0,0,0.33,2.6,8467.22,0,0,0,0.3,9.7,7143.045,0,0,0]},{"coord":1,"alpha":1,"coeffs":[0.074,11.95,6480.986,0,0,0,0.03,8.7,7737.59,0,0,0]},{"coord":2,"alpha":0,